{"cameraMode":{"drawMode":0,"name":"Shaded","section":"Shading Mode"},"sceneLighting":true,"audioPlay":false,"sceneViewState":{"showFog":true,"showMaterialUpdate":false,"showSkybox":true,"showFlares":true,"showImageEffects":true,"showParticleSystems":true},"in2DMode":false,"pivot":{"x":-68.17848205566406,"y":0.3493309020996094,"z":1.7190170288085938},"rotation":{"x":0.3555382192134857,"y":-0.2782174348831177,"z":0.1117362305521965,"w":0.8852705359458923},"size":325.8892517089844,"orthographic":false}