{"cameraMode":{"drawMode":0,"name":"Shaded","section":"Shading Mode"},"sceneLighting":false,"audioPlay":false,"sceneViewState":{"showFog":true,"showMaterialUpdate":false,"showSkybox":false,"showFlares":true,"showImageEffects":true,"showParticleSystems":true},"in2DMode":false,"pivot":{"x":-11.434213638305664,"y":1.6556317806243897,"z":-21.687097549438478},"rotation":{"x":-0.011931000277400017,"y":0.9077617526054382,"z":-0.025878222659230233,"w":-0.41851806640625},"size":24.859663009643556,"orthographic":false}